Period,Plant,Staffing %,Absenteeism %,Turnover %,Turnover 1st Year %,Tenure <2 %,Tenure >10 %,Efficiency %,Spoilage %,TRIR safety,HFI quality,Age<20,Age20-29,Age30-39,Age40-49,Age50-59,Age60+
2022_01,Plant_01,-0.03125,0.072,0,0,0.864,0.032,0.793,0.0171,0,0.008,0,0.16,0.352,0.264,0.192,0.032
2022_02,Plant_01,-0.0234375,0.0452,0,0,0.863,0.032,0.817,0.0151,0,0.0037,0,0.153225806,0.362903226,0.258064516,0.193548387,0.032258065
2022_03,Plant_01,0.015625,0.0456,0,0,0.852,0.031,0.816,0.1033,0,0.0032,0,0.1640625,0.3671875,0.25,0.1875,0.03125
2022_04,Plant_01,0.0078125,0.045,0.016,0.5,0.858,0.031,0.787,0.0243,0,0.0056,0,0.165354331,0.362204724,0.251968504,0.188976378,0.031496063
2022_05,Plant_01,-0.015625,0.0648,0.032,0.75,0.864,0.024,0.816,0.0305,0,0.0152,0,0.168,0.368,0.24,0.192,0.032
2022_06,Plant_01,-0.030534351,0.035,0.024,0,0.864,0.024,0.801,0.0352,0,0.0072,0,0.168,0.368,0.232,0.2,0.032
2022_07,Plant_01,0,0.0231,0.008,1,0.871,0.023,0.784,0.0538,0,0.0376,0,0.174242424,0.371212121,0.21969697,0.204545455,0.03030303
2022_08,Plant_01,-0.137254902,0.0767,0.031,0.5,0.867,0.023,0.692,0.0023,0,0.0244,0,0.1640625,0.359375,0.234375,0.2109375,0.03125
2022_09,Plant_01,-0.156862745,0.0502,0.024,0.333,0.873,0.024,0.737,0.0136,0,0.0209,0,0.174603175,0.349206349,0.222222222,0.222222222,0.031746032
2022_10,Plant_01,-0.176470588,0.0407,0.032,0,0.872,0.024,0.731,0.0156,0,0.0265,0,0.192,0.368,0.2,0.208,0.032
2022_11,Plant_01,-0.14379085,0.0332,0.008,0,0.87,0.023,0.828,0.0047,0,-0.0359,0,0.183206107,0.358778626,0.198473282,0.229007634,0.030534351
2022_12,Plant_01,-0.124183007,0.0321,0.023,0.333,0.871,0.023,0.774,0.0028,0,0.0034,0,0.204545455,0.348484848,0.196969697,0.21969697,0.03030303
2023_01,Plant_01,-0.089655172,0.0266,0.015,0,0.863,0.023,0.805,0.0224,0,-0.0019,0,0.198473282,0.358778626,0.198473282,0.213740458,0.030534351
2023_02,Plant_01,-0.110344828,0.0354,0.038,0.6,0.859,0.023,0.839,0.0117,0,0.0049,0,0.1796875,0.3515625,0.21875,0.21875,0.03125
2023_03,Plant_01,0.020689655,0.0355,0.021,0.667,0.856,0.021,0.812,0.0204,0,0.0099,0,0.171232877,0.376712329,0.212328767,0.212328767,0.02739726
2022_01,Plant_02,-0.032110092,0.055,0.005,0,0.199,0.289,0.784,0.0375,0,-0.0021,0,0.17535545,0.369668246,0.208530806,0.17535545,0.071090047
2022_02,Plant_02,-0.013761468,0.0311,0.005,1,0.195,0.284,0.799,0.0397,2.86,0.0012,0,0.162790698,0.376744186,0.213953488,0.176744186,0.069767442
2022_03,Plant_02,-0.040909091,0.0316,0.014,0,0.192,0.288,0.7882,0.0422,1.94,0.0104,0,0.163461538,0.375,0.221153846,0.177884615,0.0625
2022_04,Plant_02,-0.040909091,0.0221,0.005,0,0.182,0.287,0.7748,0.0518,2.92,0.0104,0,0.157894737,0.38277512,0.215311005,0.177033493,0.066985646
2022_05,Plant_02,-0.072727273,0.0279,0.029,0.333,0.142,0.294,0.754,0.0575,3.36,0.01532,0,0.151960784,0.387254902,0.215686275,0.181372549,0.06372549
2022_06,Plant_02,-0.081818182,0.0206,0.01,0,0.139,0.297,0.7114,0.0592,2.8,0.0163,0,0.138613861,0.391089109,0.217821782,0.188118812,0.064356436
2022_07,Plant_02,-0.045454545,0.021,0.005,0,0.171,0.281,0.7389,0.0609,2.35,0.0166,0,0.138095238,0.39047619,0.228571429,0.180952381,0.061904762
2022_08,Plant_02,-0.036363636,0.0291,0.01,0,0.186,0.281,0.7475,0.0495,2.05,0.0123,0,0.147619048,0.380952381,0.228571429,0.185714286,0.057142857
2022_09,Plant_02,-0.040909091,0.0282,0.01,0.5,0.182,0.282,0.7312,0.0618,1.79,0.0161,0,0.148325359,0.373205742,0.234449761,0.181818182,0.062200957
2022_10,Plant_02,-0.077272727,0.027,0.043,0.111,0.181,0.27,0.6885,0.1306,2.16,0.0866,0,0.151960784,0.37745098,0.230392157,0.176470588,0.06372549
2022_11,Plant_02,-0.081818182,0.0266,0.01,0.5,0.174,0.274,0.754,0.0533,2.79,0.0176,0,0.139303483,0.383084577,0.233830846,0.179104478,0.064676617
2022_12,Plant_02,-0.081818182,0.0231,0.005,0,0.174,0.269,0.6914,0.0767,2.33,0.0353,0,0.134328358,0.393034826,0.233830846,0.179104478,0.059701493
2023_01,Plant_02,-0.029126214,0.0216,0.01,0,0.161,0.271,0.7443,0.0515,0,0.0063,0,0.135678392,0.381909548,0.24120603,0.180904523,0.060301508
2023_02,Plant_02,-0.048543689,0.0309,0.02,0.25,0.139,0.278,0.765,0.0449,0,0.0049,0,0.134020619,0.365979381,0.242268041,0.195876289,0.06185567
2023_03,Plant_02,-0.04368932,0.0275,0.01,0,0.158,0.276,0.7529,0.0558,0,0.0148,0,0.132653061,0.37244898,0.239795918,0.193877551,0.06122449
2022_01,Plant_03,-0.102272727,0.1092,0.033,0.4,0.295,0.342,0.775,0.0743,0,0.022,0.013422819,0.181208054,0.288590604,0.22147651,0.228187919,0.067114094
2022_02,Plant_03,-0.096590909,0.0969,0.013,0.5,0.298,0.338,0.768,0.0636,3.59,0.0138,0.013245033,0.185430464,0.304635762,0.205298013,0.231788079,0.059602649
2022_03,Plant_03,-0.079545455,0.1015,0.02,0.667,0.294,0.32,0.8204,0.0483,2.39,0.0057,0.013071895,0.183006536,0.294117647,0.209150327,0.241830065,0.058823529
2022_04,Plant_03,-0.073863636,0.1138,0.019,0.333,0.31,0.323,0.775,0.0691,3.59,0.0178,0.012903226,0.187096774,0.303225806,0.206451613,0.238709677,0.051612903
2022_05,Plant_03,-0.079545455,0.0986,0.032,0.6,0.329,0.316,0.7,0.0697,2.79,0.0134,0.012658228,0.202531646,0.303797468,0.202531646,0.227848101,0.050632911
2022_06,Plant_03,-0.056818182,0.1119,0.019,1,0.323,0.323,0.749,0.0791,2.37,0.0184,0.012658228,0.17721519,0.32278481,0.208860759,0.227848101,0.050632911
2022_07,Plant_03,-0.0625,0.1082,0.013,0.5,0.32,0.32,0.757,0.0742,2.98,0.0203,0.006535948,0.169934641,0.326797386,0.209150327,0.235294118,0.052287582
2022_08,Plant_03,-0.051136364,0.0911,0.038,0.667,0.331,0.318,0.777,0.0786,2.36,0.0279,0,0.178343949,0.318471338,0.222929936,0.229299363,0.050955414
2022_09,Plant_03,-0.056818182,0.0909,0,0,0.321,0.321,0.743,0.0739,3.08,0.0195,0,0.185185185,0.314814815,0.216049383,0.228395062,0.055555556
2022_10,Plant_03,-0.034090909,0.0698,0.012,0.5,0.323,0.317,0.776,0.0592,4.13,0.0128,0,0.176829268,0.323170732,0.213414634,0.225609756,0.06097561
2022_11,Plant_03,-0.034090909,0.0806,0.024,0.75,0.307,0.313,0.774,0.0592,3.79,0.0093,0.012048193,0.174698795,0.319277108,0.210843373,0.222891566,0.060240964
2022_12,Plant_03,-0.045454545,0.0919,0.025,0,0.286,0.335,0.579,0.1246,3.46,0.0248,0.01242236,0.180124224,0.310559006,0.217391304,0.217391304,0.062111801
2023_01,Plant_03,-0.045714286,0.0624,0.019,0.333,0.306,0.331,0.727,0.0779,0,0.011,0.0125,0.18125,0.30625,0.21875,0.21875,0.0625
2023_02,Plant_03,-0.050847458,0.0779,0.025,0.5,0.323,0.316,0.724,0.0772,3.41,0.0191,0.012658228,0.17721519,0.303797468,0.246835443,0.215189873,0.044303797
2023_03,Plant_03,-0.072625698,0.0988,0.019,0.333,0.31,0.323,0.742,0.0712,2.25,0.0194,0.018987342,0.183544304,0.284810127,0.246835443,0.215189873,0.050632911
2022_01,Plant_04,-0.150776053,0.0847,0.014,0.333,0.258,0.318,0.83,0.0276,2.9,0.0154,0,0.171693735,0.299303944,0.241299304,0.218097448,0.069605568
2022_02,Plant_04,-0.039911308,0.0758,0.007,0,0.254,0.305,0.83,0.0307,2.94,0.0217,0.002309469,0.180138568,0.297921478,0.242494226,0.2147806,0.062355658
2022_03,Plant_04,-0.00886918,0.0479,0.016,0.143,0.233,0.305,0.84,0.0263,1.94,0.0125,0.002309469,0.170900693,0.307159353,0.240184758,0.217090069,0.062355658
2022_04,Plant_04,-0.002217295,0.0511,0.012,0,0.245,0.303,0.82,0.0313,2.197,0.0099,0.002309469,0.173210162,0.31408776,0.23556582,0.219399538,0.055427252
2022_05,Plant_04,-0.011086475,0.0436,0.009,0.25,0.233,0.306,0.82,0.0272,3.36,0.011,0.002304147,0.16359447,0.320276498,0.237327189,0.223502304,0.052995392
2022_06,Plant_04,-0.00443459,0.0467,0.014,0.5,0.236,0.304,0.81,0.0349,2.82,0.0187,0.00228833,0.164759725,0.308924485,0.244851259,0.226544622,0.052631579
2022_07,Plant_04,0.00443459,0.0525,0.002,1,0.233,0.301,0.8435,0.0353,2.37,0.0181,0.002262443,0.156108597,0.314479638,0.244343891,0.2239819,0.058823529
2022_08,Plant_04,-0.00886918,0.0553,0.016,0.286,0.223,0.306,0.76,0.04,2.45,0.0193,0.002298851,0.15862069,0.312643678,0.243678161,0.227586207,0.055172414
2022_09,Plant_04,-0.00443459,0.0616,0.002,1,0.219,0.306,0.8,0.0339,2.15,0.0146,0.002304147,0.152073733,0.31797235,0.241935484,0.228110599,0.057603687
2022_10,Plant_04,-0.006651885,0.0583,0.002,0,0.23,0.301,0.4592,0.1413,2.24,0.067,0.002298851,0.165517241,0.310344828,0.236781609,0.225287356,0.059770115
2022_11,Plant_04,-0.011086475,0.0508,0.037,0.125,0.242,0.279,0.7254,0.0759,2.06,0.021,0.002304147,0.168202765,0.31797235,0.246543779,0.221198157,0.043778802
2022_12,Plant_04,-0.017738359,0.0535,0,0,0.239,0.285,0.6555,0.0853,2.12,0.055304747,0.002298851,0.163218391,0.317241379,0.248275862,0.222988506,0.045977011
2023_01,Plant_04,-0.013303769,0.0339,0.002,0,0.241,0.284,0.7,0.0541,2.96,0.0097,0.002293578,0.160550459,0.316513761,0.256880734,0.211009174,0.052752294
2023_02,Plant_04,-0.015521064,0.0415,0.009,0,0.233,0.286,0.76,0.0315,2.78,0.0011,0.004618938,0.159353349,0.31408776,0.258660508,0.210161663,0.053117783
2023_03,Plant_04,-0.008888889,0.044,0.002,0,0.229,0.277,0.73,0.0512,2.73,0.0243,0.002309469,0.168591224,0.31408776,0.260969977,0.198614319,0.055427252
2022_01,Plant_05,-0.040268456,0.035,0.007,1,0.17,0.447,0.89,0.0162,0,-0.0001,0,0.106382979,0.219858156,0.290780142,0.29787234,0.085106383
2022_02,Plant_05,-0.053691275,0.0207,0.014,0.5,0.151,0.446,0.9164,0.0166,0,0.0009,0,0.100719424,0.223021583,0.294964029,0.294964029,0.086330935
2022_03,Plant_05,-0.040268456,0.0193,0,0,0.157,0.443,0.9116,0.0152,2.66,-0.0039,0,0.092857143,0.221428571,0.3,0.3,0.085714286
2022_04,Plant_05,-0.026845638,0.0125,0,0,0.154,0.441,0.955,0.0148,4,-0.0017,0,0.097902098,0.216783217,0.286713287,0.314685315,0.083916084
2022_05,Plant_05,-0.033557047,0.0255,0.007,0,0.15,0.443,0.953,0.0146,4.61,-0.0003,0,0.092857143,0.221428571,0.292857143,0.314285714,0.078571429
2022_06,Plant_05,-0.033557047,0.0423,0,0,0.149,0.44,0.913,0.0142,3.88,-0.0015,0,0.092198582,0.226950355,0.290780142,0.304964539,0.085106383
2022_07,Plant_05,-0.026845638,0.0331,0.007,0,0.146,0.424,0.914,0.0156,3.26,-0.0003,0,0.090277778,0.236111111,0.291666667,0.298611111,0.083333333
2022_08,Plant_05,-0.020134228,0.0197,0.014,0,0.145,0.414,0.939,0.0118,2.88,-0.0013,0,0.089655172,0.24137931,0.289655172,0.289655172,0.089655172
2022_09,Plant_05,-0.026845638,0.0277,0,0,0.12,0.423,0.925,0.0154,3.37,0.0015,0,0.084507042,0.225352113,0.295774648,0.302816901,0.091549296
2022_10,Plant_05,-0.013422819,0.0291,0.007,0,0.144,0.404,0.9174,0.0179,3.05,-0.0012,0,0.102739726,0.239726027,0.280821918,0.280821918,0.095890411
2022_11,Plant_05,-0.006711409,0.0392,0.007,1,0.138,0.407,0.92,0.0181,2.8,0,0,0.103448276,0.24137931,0.282758621,0.275862069,0.096551724
2022_12,Plant_05,0,0.0484,0,0,0.141,0.408,0.906,0.0239,3.82,0.0067,0,0.105633803,0.246478873,0.274647887,0.281690141,0.091549296
2023_01,Plant_05,0.006756757,0.0341,0,0,0.133,0.413,0.9249,0.014,0,-0.0021,0,0.097902098,0.258741259,0.265734266,0.27972028,0.097902098
2023_02,Plant_05,0,0.0532,0.007,0,0.134,0.415,0.912,0.0207,0,0.0022,0,0.091549296,0.253521127,0.26056338,0.295774648,0.098591549
2023_03,Plant_05,-0.02027027,0.0383,0.014,0,0.129,0.424,0.918,0.016,0,-0.0021,0,0.09352518,0.244604317,0.251798561,0.309352518,0.100719424
2022_01,Plant_06,-0.036,0.0912,0.009,0,0.322,0.391,0.6328,0.071490051,0,0.0418,0,0.060085837,0.309012876,0.266094421,0.261802575,0.103004292
2022_02,Plant_06,-0.03968254,0.1051,0.013,0.667,0.268,0.391,0.677,0.076156208,0,0.0433,0,0.059574468,0.310638298,0.259574468,0.268085106,0.10212766
2022_03,Plant_06,-0.051181102,0.0688,0.013,0.667,0.251,0.391,0.732,0.057995978,3.17,0.0247,0,0.063829787,0.306382979,0.263829787,0.268085106,0.09787234
2022_04,Plant_06,-0.067193676,0.0646,0.017,0.25,0.247,0.403,0.67,0.077399216,2.39,0.0377,0,0.064935065,0.311688312,0.264069264,0.255411255,0.103896104
2022_05,Plant_06,-0.043478261,0.0734,0.004,1,0.23,0.396,0.638,0.090278142,3.66,0.0469,0,0.068085106,0.314893617,0.259574468,0.255319149,0.10212766
2022_06,Plant_06,-0.04743083,0.0838,0.009,0.5,0.204,0.4,0.602,0.060988409,3.84,0.03,0,0.068085106,0.310638298,0.263829787,0.259574468,0.09787234
2022_07,Plant_06,-0.027777778,0.074,0.013,0.333,0.218,0.385,0.612,0.055046689,4.51,0.028,0.0041841,0.071129707,0.29707113,0.263598326,0.271966527,0.092050209
2022_08,Plant_06,-0.027777778,0.0753,0.013,0.667,0.194,0.388,0.532,0.072079512,5.1,0.037,0.004219409,0.075949367,0.291139241,0.274261603,0.257383966,0.097046414
2022_09,Plant_06,-0.027777778,0.0681,0.017,0,0.209,0.377,0.605,0.063483474,4.46,0.0285,0.0041841,0.079497908,0.29707113,0.276150628,0.246861925,0.09623431
2022_10,Plant_06,-0.01984127,0.0618,0.004,0,0.217,0.371,0.607,0.065571026,4.02,0.0276,0.004166667,0.091666667,0.291666667,0.279166667,0.2375,0.095833333
2022_11,Plant_06,-0.01984127,0.0832,0,0,0.216,0.373,0.621,0.0987,3.69,0.0399,0.004149378,0.091286307,0.282157676,0.278008299,0.248962656,0.095435685
2022_12,Plant_06,0.003968254,0.0757,0.008,0.5,0.233,0.367,0.633,0.0788,3.34,0.0334,0.004081633,0.089795918,0.297959184,0.273469388,0.232653061,0.102040816
2023_01,Plant_06,-0.019685039,0.099,0.029,0.286,0.241,0.365,0.677,0.0662,0,0.0273,0.004149378,0.095435685,0.298755187,0.273858921,0.232365145,0.095435685
2023_02,Plant_06,-0.007874016,0.0997,0,0,0.244,0.358,0.649,0.0799,0,0.0351,0.004065041,0.093495935,0.292682927,0.284552846,0.235772358,0.089430894
2023_03,Plant_06,-0.011811024,0.0689,0.004,0,0.236,0.362,0.63,0.0947,0,0.04,0.004065041,0.093495935,0.284552846,0.280487805,0.239837398,0.097560976
2022_01,Plant_07,-0.091872792,0.1317,0.012,0.333,0.894,0.049,0.6925,0.0476,0,0.0114,0,0.228571429,0.346938776,0.253061224,0.134693878,0.036734694
2022_02,Plant_07,-0.155405405,0.108,0.062,0.267,0.889,0.049,0.6847,0.0602,6.9,0.0105,0.004115226,0.238683128,0.341563786,0.238683128,0.135802469,0.041152263
2022_03,Plant_07,-0.188925081,0.0982,0.025,0.167,0.884,0.054,0.6184,0.0854,4.53,0.0289,0.004132231,0.231404959,0.351239669,0.23553719,0.140495868,0.037190083
2022_04,Plant_07,-0.182410423,0.0584,0.025,0.333,0.877,0.053,0.5925,0.0725,3.35,0.0212,0.004115226,0.226337449,0.345679012,0.238683128,0.148148148,0.037037037
2022_05,Plant_07,-0.127035831,0.074,0.012,0.333,0.897,0.046,0.6665,0.0621,3.39,0.0209,0.007633588,0.244274809,0.335877863,0.221374046,0.15648855,0.034351145
2022_06,Plant_07,-0.120521173,0.072,0.019,0.8,0.89,0.046,0.544,0.0908,3.55,0.0284,0.011406844,0.235741445,0.342205323,0.228136882,0.148288973,0.034220532
2022_07,Plant_07,-0.06514658,0.072,0.019,0.6,0.776,0.047,0.5755,0.0861,4.69,0.027,0.007220217,0.241877256,0.342960289,0.220216606,0.155234657,0.032490975
2022_08,Plant_07,-0.052117264,0.058,0.053,0.667,0.746,0.042,0.6227,0.0725,6.63,0.0121,0.007042254,0.246478873,0.341549296,0.221830986,0.151408451,0.031690141
2022_09,Plant_07,-0.06514658,0.0521,0.018,0.2,0.734,0.039,0.6587,0.0735,5.75,0.0085,0.003546099,0.255319149,0.340425532,0.226950355,0.141843972,0.031914894
2022_10,Plant_07,-0.006514658,0.053,0.01,0,0.626,0.037,0.6997,0.0412,5.17,0.0068,0.006734007,0.255892256,0.343434343,0.228956229,0.134680135,0.03030303
2022_11,Plant_07,0.003257329,0.0495,0.017,0.2,0.61,0.047,0.6776,0.0448,4.69,0.0095,0.01,0.253333333,0.343333333,0.226666667,0.136666667,0.03
2022_12,Plant_07,0,0.065,0.01,0.333,0.603,0.047,0.6378,0.065,4.58,0.0162,0.006734007,0.255892256,0.346801347,0.232323232,0.127946128,0.03030303
2023_01,Plant_07,-0.003215434,0.0576,0.003,1,0.603,0.046,0.7389,0.0326,0,0.0036,0.006622517,0.248344371,0.341059603,0.241721854,0.129139073,0.033112583
2023_02,Plant_07,-0.012987013,0.0695,0.023,0.571,0.539,0.047,0.7657,0.0287,0,0.0028,0.006734007,0.239057239,0.35016835,0.239057239,0.131313131,0.033670034
2023_03,Plant_07,-0.003311258,0.0693,0.014,0.25,0.502,0.047,0.8098,0.0283,1.3,0.0025,0.006779661,0.237288136,0.338983051,0.250847458,0.13220339,0.033898305
2022_01,Plant_08,0.007653061,0.0847,0.018,0.429,0.356,0.294,0.72,0.0807,3,0.0242,0.007731959,0.144329897,0.37371134,0.18814433,0.219072165,0.067010309
2022_02,Plant_08,-0.010204082,0.0566,0.033,0.231,0.335,0.288,0.7,0.0815,3.03,0.0299,0.007792208,0.145454545,0.374025974,0.18961039,0.215584416,0.067532468
2022_03,Plant_08,-0.007653061,0.0423,0.016,0.667,0.349,0.286,0.661,0.0852,4.06,0.0331,0.0078125,0.151041667,0.3671875,0.190104167,0.216145833,0.067708333
2022_04,Plant_08,-0.035175879,0.059,0.029,0.545,0.347,0.287,0.7163,0.0803,4.59,0.0335,0.005263158,0.144736842,0.368421053,0.197368421,0.218421053,0.065789474
2022_05,Plant_08,-0.035175879,0.054,0.021,0.625,0.355,0.288,0.614,0.1939,4.13,0.1313,0.005333333,0.154666667,0.354666667,0.202666667,0.224,0.058666667
2022_06,Plant_08,-0.035175879,0.0712,0.016,0.5,0.35,0.284,0.6953,0.0444,3.98,-0.0081,0.00530504,0.156498674,0.344827586,0.212201592,0.222811671,0.058355438
2022_07,Plant_08,-0.042079208,0.0526,0.016,0.333,0.349,0.278,0.6335,0.0868,3.79,0.029,0.005249344,0.141732283,0.362204724,0.215223097,0.217847769,0.057742782
2022_08,Plant_08,-0.071782178,0.0586,0.024,0.556,0.339,0.281,0.6864,0.0765,3.73,0.0177,0.005464481,0.147540984,0.357923497,0.215846995,0.213114754,0.06010929
2022_09,Plant_08,-0.086633663,0.0674,0.011,0.5,0.328,0.292,0.665,0.0719,3.3,0.0183,0.002754821,0.151515152,0.349862259,0.220385675,0.217630854,0.05785124
2022_10,Plant_08,-0.12195122,0.071,0.022,0.375,0.307,0.299,0.696,0.0863,3.02,0.03,0.002873563,0.137931034,0.350574713,0.221264368,0.227011494,0.060344828
2022_11,Plant_08,-0.131707317,0.0703,0.014,0.2,0.292,0.295,0.713,0.0628,2.8,0.0143,0.002890173,0.13583815,0.352601156,0.225433526,0.222543353,0.060693642
2022_12,Plant_08,-0.143902439,0.0724,0.023,0.5,0.284,0.302,0.739,0.0549,2.57,0.0103,0.002932551,0.123167155,0.351906158,0.234604106,0.225806452,0.061583578
2023_01,Plant_08,-0.047752809,0.0543,0.027,0.111,0.254,0.311,0.7551,0.05,0,0.0118,0.003021148,0.123867069,0.341389728,0.235649547,0.232628399,0.063444109
2023_02,Plant_08,-0.031073446,0.0575,0.009,0,0.248,0.31,0.751,0.0636,1.77,0.0155,0.002985075,0.119402985,0.346268657,0.229850746,0.235820896,0.065671642
2023_03,Plant_08,-0.03125,0.0582,0.018,0.333,0.245,0.309,0.737,0.0675,2.33,0.0165,0.003030303,0.124242424,0.333333333,0.239393939,0.236363636,0.063636364
2022_01,Plant_09,-0.113924051,0.0679,0.019,0,0.356,0.072,0.771,0.054,0,0.0139,0.004807692,0.259615385,0.336538462,0.192307692,0.158653846,0.048076923
2022_02,Plant_09,-0.130801688,0.0422,0.024,0.2,0.337,0.069,0.7442,0.0568,0,0.0183,0.004950495,0.262376238,0.341584158,0.183168317,0.158415842,0.04950495
2022_03,Plant_09,-0.113924051,0.0414,0.01,0,0.349,0.072,0.7492,0.0512,1.47,0.0122,0.009569378,0.272727273,0.320574163,0.181818182,0.172248804,0.043062201
2022_04,Plant_09,-0.105485232,0.0304,0.005,0,0.362,0.073,0.7216,0.0659,2.23,0.0247,0.009174312,0.279816514,0.316513761,0.178899083,0.169724771,0.04587156
2022_05,Plant_09,-0.071729958,0.0324,0.005,1,0.359,0.074,0.7585,0.0492,1.77,0.011,0.00921659,0.276497696,0.304147465,0.184331797,0.179723502,0.046082949
2022_06,Plant_09,-0.063291139,0.0337,0,0,0.357,0.068,0.7636,0.0422,1.49,0.0117,0.009049774,0.280542986,0.307692308,0.176470588,0.171945701,0.054298643
2022_07,Plant_09,-0.05907173,0.0251,0.009,0.5,0.357,0.068,0.7663,0.0446,1.92,0.0091,0.009049774,0.271493213,0.316742081,0.176470588,0.171945701,0.054298643
2022_08,Plant_09,-0.063291139,0.0273,0.014,0,0.348,0.068,0.7645,0.0464,1.68,0.0127,0.009049774,0.271493213,0.316742081,0.176470588,0.171945701,0.054298643
2022_09,Plant_09,-0.063291139,0.0321,0.014,0,0.321,0.068,0.77,0.0406,1.49,0.0065,0.009049774,0.271493213,0.325791855,0.180995475,0.158371041,0.054298643
2022_10,Plant_09,-0.050632911,0.0321,0,0,0.332,0.072,0.7423,0.0643,1.34,0.0211,0.004484305,0.278026906,0.322869955,0.174887892,0.165919283,0.053811659
2022_11,Plant_09,-0.054852321,0.0456,0.014,0.667,0.323,0.072,0.7105,0.0595,1.22,0.0298,0.004484305,0.278026906,0.31838565,0.183856502,0.161434978,0.053811659
2022_12,Plant_09,-0.037974684,0.0469,0.004,1,0.324,0.071,0.703,0.0579,1.13,0.0177,0.004444444,0.266666667,0.328888889,0.182222222,0.164444444,0.053333333
2023_01,Plant_09,-0.058823529,0.0409,0.022,0,0.332,0.067,0.703,0.0593,0,0.017,0.004484305,0.264573991,0.331838565,0.188340807,0.165919283,0.044843049
2023_02,Plant_09,-0.05907173,0.0354,0.036,0.375,0.33,0.068,0.695,0.0602,0,0.0175,0.004524887,0.262443439,0.325791855,0.199095023,0.167420814,0.040723982
2023_03,Plant_09,-0.037815126,0.0348,0.009,0,0.346,0.066,0.6879,0.0701,1.6,0.0269,0.004385965,0.26754386,0.315789474,0.206140351,0.166666667,0.039473684
2022_01,Plant_10,-0.027777778,0.0686,0.005,1,0.194,0.442,0.8026,0.0312,0,0.0027,0,0.121359223,0.22815534,0.286407767,0.252427184,0.111650485
2022_02,Plant_10,-0.00462963,0.0597,0.015,0.333,0.223,0.431,0.7887,0.0301,2.81,0.0001,0.004739336,0.127962085,0.227488152,0.28436019,0.251184834,0.104265403
2022_03,Plant_10,-0.013888889,0.0427,0.024,0.2,0.233,0.424,0.806,0.0371,1.87,0.005,0.004761905,0.133333333,0.238095238,0.271428571,0.252380952,0.1
2022_04,Plant_10,-0.00462963,0.0485,0.005,1,0.233,0.419,0.8041,0.0415,5.6,0.0107,0.004761905,0.142857143,0.233333333,0.271428571,0.252380952,0.095238095
2022_05,Plant_10,-0.00462963,0.0392,0.019,0.25,0.245,0.415,0.7964,0.0459,4.31,0.016,0.004716981,0.136792453,0.240566038,0.268867925,0.245283019,0.103773585
2022_06,Plant_10,-0.009259259,0.0529,0.019,0.5,0.233,0.414,0.7879,0.0415,3.63,0.0091,0.004761905,0.138095238,0.247619048,0.271428571,0.238095238,0.1
2022_07,Plant_10,0.00462963,0.0596,0.005,0,0.248,0.402,0.7838,0.0436,3.05,0.00734,0.004672897,0.14953271,0.242990654,0.271028037,0.238317757,0.093457944
2022_08,Plant_10,0.023148148,0.0776,0.014,0,0.256,0.388,0.7455,0.0559,2.7,0.0199,0.00456621,0.150684932,0.251141553,0.264840183,0.232876712,0.095890411
2022_09,Plant_10,0.023148148,0.0462,0.014,0.333,0.249,0.392,0.7773,0.0416,2.36,0.0066,0.004608295,0.138248848,0.262672811,0.276497696,0.216589862,0.101382488
2022_10,Plant_10,0.013888889,0.0625,0.009,0,0.248,0.383,0.7712,0.042,2.14,0.00258,0.004672897,0.140186916,0.26635514,0.275700935,0.214953271,0.098130841
2022_11,Plant_10,0.018518519,0.0695,0,0,0.239,0.385,0.7555,0.0498,1.97,0.0113,0.004694836,0.136150235,0.248826291,0.291079812,0.220657277,0.098591549
2022_12,Plant_10,0.00462963,0.0771,0.019,0.5,0.229,0.39,0.7921,0.0409,1.8,0.009,0.004761905,0.133333333,0.247619048,0.29047619,0.233333333,0.09047619
2023_01,Plant_10,-0.009049774,0.0611,0,0,0.238,0.381,0.8024,0.0392,5.73,0.0125,0.004761905,0.133333333,0.242857143,0.30952381,0.219047619,0.09047619
2023_02,Plant_10,-0.009049774,0.0725,0.01,0.5,0.232,0.398,0.7658,0.0493,2.72,0.0136,0.004739336,0.132701422,0.227488152,0.312796209,0.227488152,0.09478673
2023_03,Plant_10,-0.018099548,0.0551,0.014,0.333,0.233,0.395,0.7913,0.0372,1.78,0.0068,0.004761905,0.138095238,0.238095238,0.295238095,0.233333333,0.09047619
2022_01,Plant_11,-0.07860262,0.1052,0.038,0.75,0.938,0.024,0.5644,0.0646,0,0.0145,0,0.144230769,0.331730769,0.288461538,0.211538462,0.024038462
2022_02,Plant_11,-0.060606061,0.0759,0.01,0.5,0.938,0.024,0.6338,0.0548,11.47,0.0068,0,0.142857143,0.328571429,0.29047619,0.214285714,0.023809524
2022_03,Plant_11,-0.028455285,0.0647,0.014,0.333,0.949,0.021,0.6148,0.0655,5.61,0.024,0,0.161702128,0.331914894,0.280851064,0.204255319,0.021276596
2022_04,Plant_11,-0.063670412,0.0418,0.021,0.6,0.951,0.025,0.6364,0.0649,0,0.0217,0,0.18442623,0.31557377,0.286885246,0.18852459,0.024590164
2022_05,Plant_11,-0.026217228,0.0653,0.02,0.6,0.953,0.024,0.5568,0.079,0,0.0251,0,0.204724409,0.307086614,0.283464567,0.181102362,0.023622047
2022_06,Plant_11,-0.04494382,0.064346324,0.02,0,0.952,0.028,0.5755,0.0907,0,0.0292,0,0.211155378,0.310756972,0.274900398,0.175298805,0.027888446
2022_07,Plant_11,-0.056179775,0.0635862,0.032,0.875,0.951,0.028,0.66,0.0625,0,0.0106,0,0.20242915,0.32388664,0.275303644,0.170040486,0.028340081
2022_08,Plant_11,-0.052434457,0.0649,0.037,0.667,0.952,0.028,0.684,0.0633,10.06,0.019,0,0.205645161,0.326612903,0.266129032,0.169354839,0.032258065
2022_09,Plant_11,-0.048689139,0.058,0.02,0.8,0.953,0.028,0.649,0.0496,0,0.0289,0,0.188976378,0.338582677,0.271653543,0.169291339,0.031496063
2022_10,Plant_11,-0.052434457,0.0394,0.02,0.6,0.952,0.028,0.6881,0.0413,0,0.0287,0,0.188,0.34,0.264,0.176,0.032
2022_11,Plant_11,-0.063670412,0.0468,0.016,1,0.939,0.029,0.6855,0.0658,5.51,0.0242,0,0.175510204,0.342857143,0.269387755,0.179591837,0.032653061
2022_12,Plant_11,-0.056179775,0.0505,0.004,0,0.735,0.024,0.7209,0.0397,0,0.034,0,0.168674699,0.353413655,0.265060241,0.176706827,0.036144578
2023_01,Plant_11,0.031472081,0.049,0.028,0.571,0.647,0.024,0.728,0.064,0,0.0261,0,0.172690763,0.34939759,0.261044177,0.172690763,0.044176707
2023_02,Plant_11,0.007106599,0.0479,0.024,0.667,0.642,0.025,0.7234,0.0402,0,0.0216,0,0.156378601,0.362139918,0.263374486,0.172839506,0.04526749
2023_03,Plant_11,0.039543416,0.0463,0.016,0,0.534,0.024,0.7596,0.0518,0,0.0277,0,0.15936255,0.342629482,0.278884462,0.175298805,0.043824701
2022_01,Plant_12,-0.028688525,0.0601,0.009,0.5,0.362,0.453,0.8328,0.0245,0,0.017,0,0.150862069,0.245689655,0.193965517,0.314655172,0.094827586
2022_02,Plant_12,-0.036885246,0.0321,0.013,0,0.322,0.451,0.8743,0.0284,0,0.016,0,0.150214592,0.248927039,0.188841202,0.30472103,0.107296137
2022_03,Plant_12,-0.040983607,0.0383,0.017,0,0.307,0.436,0.8173,0.0272,0,0.0165,0,0.155555556,0.262222222,0.182222222,0.302222222,0.097777778
2022_04,Plant_12,-0.036885246,0.0525,0,0,0.269,0.436,0.8639,0.0257,0,0.0169,0,0.154185022,0.264317181,0.185022026,0.295154185,0.101321586
2022_05,Plant_12,-0.028688525,0.0401,0.009,0,0.251,0.442,0.851,0.027,0,0.0176,0,0.164502165,0.25974026,0.181818182,0.281385281,0.112554113
2022_06,Plant_12,-0.024590164,0.0549,0.004,0,0.264,0.434,0.7871,0.039,0,0.026,0,0.161702128,0.268085106,0.174468085,0.289361702,0.106382979
2022_07,Plant_12,-0.028688525,0.0448,0.004,0,0.249,0.429,0.8249,0.0212,0.68,0.0196,0,0.163090129,0.266094421,0.17167382,0.291845494,0.107296137
2022_08,Plant_12,-0.045081967,0.055,0.013,0.667,0.25,0.424,0.8504,0.026,1.81,0.012,0,0.160714286,0.272321429,0.169642857,0.290178571,0.107142857
2022_09,Plant_12,-0.028688525,0.0598,0,0,0.242,0.411,0.8593,0.0306,2.11,0.0156,0,0.155844156,0.281385281,0.173160173,0.285714286,0.103896104
2022_10,Plant_12,-0.024590164,0.0682,0.009,0.5,0.207,0.409,0.8188,0.0358,2.39,0.0195,0,0.155172414,0.275862069,0.172413793,0.288793103,0.107758621
2022_11,Plant_12,-0.012295082,0.0543,0,0,0.2,0.417,0.7533,0.0352,2.2,0.03,0,0.14893617,0.280851064,0.174468085,0.285106383,0.110638298
2022_12,Plant_12,-0.016393443,0.0541,0.013,0.333,0.186,0.414,0.7549,0.0445,2.02,0.0339,0,0.147679325,0.278481013,0.181434599,0.274261603,0.11814346
2023_01,Plant_12,0,0.0343,0.008,0,0.182,0.407,0.8129,0.0224,0,0.0014,0,0.148305085,0.283898305,0.18220339,0.271186441,0.11440678
2023_02,Plant_12,0.004166667,0.04,0.004,0,0.185,0.403,0.7923,0.0332,0,0.00798053,0,0.138655462,0.298319328,0.176470588,0.273109244,0.113445378
2023_03,Plant_12,0.004166667,0.029,0.008,0.5,0.163,0.404,0.8143,0.0275,0,0.0073,0,0.133333333,0.304166667,0.175,0.275,0.1125
2022_01,Plant_13,-0.085308057,0.1582,0.021,0.5,0.333,0.371,0.8313,0.043,2.58,0.0124,0.010752688,0.177419355,0.274193548,0.231182796,0.258064516,0.048387097
2022_02,Plant_13,-0.113744076,0.0909,0.044,0.125,0.33,0.352,0.7599,0.1316,2.32,0.1014,0.011173184,0.184357542,0.273743017,0.223463687,0.262569832,0.044692737
2022_03,Plant_13,-0.123809524,0.0794,0.017,0.667,0.266,0.345,0.8194,0.0198,2.14,-0.0139,0.011299435,0.18079096,0.288135593,0.214689266,0.265536723,0.039548023
2022_04,Plant_13,-0.115384615,0.0906,0.022,0,0.288,0.333,0.833,0.0222,2.03,-0.0089,0,0.192090395,0.276836158,0.225988701,0.271186441,0.033898305
2022_05,Plant_13,-0.086956522,0.1051,0.022,0.5,0.315,0.326,0.8026,0.0435,2.03,0.0091,0.005434783,0.163043478,0.298913043,0.22826087,0.266304348,0.038043478
2022_06,Plant_13,-0.073170732,0.087,0.016,0,0.314,0.319,0.7909,0.048,2.54,0.0127,0.005405405,0.178378378,0.286486486,0.232432432,0.254054054,0.043243243
2022_07,Plant_13,-0.07804878,0.0693,0.022,0.5,0.323,0.323,0.7855,0.0447,3.08,0.0112,0.005376344,0.177419355,0.290322581,0.231182796,0.252688172,0.043010753
2022_08,Plant_13,-0.068292683,0.1094,0.016,0,0.328,0.317,0.8101,0.0394,3.11,0.0086,0.005291005,0.185185185,0.291005291,0.227513228,0.238095238,0.052910053
2022_09,Plant_13,-0.07804878,0.064,0.032,0.5,0.332,0.321,0.797,0.0405,2.62,0.009,0.005347594,0.187165775,0.262032086,0.240641711,0.251336898,0.053475936
2022_10,Plant_13,-0.087804878,0.0576,0.022,0.25,0.342,0.305,0.8012,0.0405,3.16,0.0125,0,0.197860963,0.267379679,0.240641711,0.245989305,0.048128342
2022_11,Plant_13,-0.043902439,0.0834,0.037,0.429,0.376,0.284,0.7995,0.0416,3.15,0.012,0,0.221649485,0.257731959,0.257731959,0.216494845,0.046391753
2022_12,Plant_13,-0.03902439,0.0852,0.005,1,0.38,0.286,0.8212,0.0343,3.16,0.0104,0,0.21875,0.255208333,0.255208333,0.21875,0.052083333
2023_01,Plant_13,0.018145161,0.053,0.005,0,0.379,0.283,0.805,0.0377,0,0.0114,0,0.222222222,0.247474747,0.262626263,0.222222222,0.045454545
2023_02,Plant_13,0.018145161,0.0485,0.01,1,0.36,0.28,0.773,0.0399,2.63,0.0133,0.005,0.225,0.255,0.25,0.22,0.045
2023_03,Plant_13,0.002979146,0.0502,0.01,0.5,0.345,0.28,0.768,0.063,1.96,0.0288,0.005,0.215,0.265,0.24,0.23,0.045
2022_01,Plant_14,-0.028436019,0.0726,0.005,0,0.348,0.338,0.821,0.0411,4.2,0.0092,0.009950249,0.154228856,0.23880597,0.258706468,0.278606965,0.059701493
2022_02,Plant_14,-0.028571429,0.0399,0.015,0.333,0.335,0.34,0.8229,0.04,0,0.01,0.005,0.155,0.24,0.255,0.285,0.06
2022_03,Plant_14,-0.014285714,0.0469,0.01,0.5,0.34,0.35,0.8188,0.0412,0,0.0111,0,0.162561576,0.236453202,0.251231527,0.290640394,0.0591133
2022_04,Plant_14,-0.023809524,0.0514,0.01,0,0.33,0.345,0.8039,0.0469,0,0.0179,0,0.165,0.235,0.255,0.28,0.065
2022_05,Plant_14,-0.038095238,0.0474,0.015,0,0.32,0.345,0.764,0.0427,0,-0.0053,0,0.162436548,0.248730964,0.243654822,0.284263959,0.060913706
2022_06,Plant_14,-0.038095238,0.0522,0.005,1,0.303,0.343,0.801,0.0431,5.67,0.0015,0,0.161616162,0.252525253,0.242424242,0.282828283,0.060606061
2022_07,Plant_14,-0.033333333,0.0474,0.03,0.167,0.313,0.348,0.8123,0.0432,0,0.0104,0,0.181818182,0.237373737,0.237373737,0.292929293,0.050505051
2022_08,Plant_14,-0.014285714,0.0428,0.01,0,0.315,0.335,0.8039,0.0384,10.45,0.0039,0.004926108,0.172413793,0.246305419,0.226600985,0.295566502,0.054187192
2022_09,Plant_14,-0.023809524,0.0477,0.005,1,0.304,0.333,0.8093,0.0405,0,0.0089,0.004901961,0.166666667,0.25,0.230392157,0.294117647,0.053921569
2022_10,Plant_14,-0.028571429,0.0244,0.019,0.75,0.259,0.337,0.7757,0.0501,0,0.0205,0.004878049,0.16097561,0.253658537,0.229268293,0.297560976,0.053658537
2022_11,Plant_14,-0.047619048,0.0355,0.01,0.5,0.215,0.335,0.8126,0.0485,0,0.0383,0.005,0.155,0.26,0.235,0.295,0.05
2022_12,Plant_14,-0.052380952,0.0385,0.015,0.333,0.219,0.337,0.7545,0.054,0,0.0101,0.005102041,0.147959184,0.255102041,0.25,0.290816327,0.051020408
2023_01,Plant_14,-0.028708134,0.0404,0.005,0,0.236,0.332,0.7915,0.041226,5.04,0.007637,0.005025126,0.145728643,0.261306533,0.251256281,0.281407035,0.055276382
2023_02,Plant_14,-0.009569378,0.0609,0,0,0.249,0.323,0.766,0.0431,2.63,0.007454,0.004975124,0.154228856,0.263681592,0.248756219,0.278606965,0.049751244
2023_03,Plant_14,0.004784689,0.0568,0.015,1,0.284,0.304,0.805,0.0439,3.48,0.0123,0.004901961,0.161764706,0.274509804,0.25,0.269607843,0.039215686
2022_01,Plant_15,-0.04,0.152,0.011,0,0.269,0.586,0.8158,0.0414,6.65,0.013,0.016129032,0.112903226,0.198924731,0.182795699,0.274193548,0.215053763
2022_02,Plant_15,-0.035,0.0902,0.011,0.5,0.257,0.596,0.8392,0.0314,9.8,0.0062,0.016393443,0.092896175,0.207650273,0.180327869,0.284153005,0.218579235
2022_03,Plant_15,-0.068292683,0.0791,0.028,0.2,0.269,0.582,0.8629,0.0347,6.53,0.0099,0.010989011,0.104395604,0.214285714,0.175824176,0.28021978,0.214285714
2022_04,Plant_15,-0.116504854,0.0749,0.04,0.143,0.261,0.597,0.7738,0.048,4.89,0.0154,0.011363636,0.096590909,0.215909091,0.181818182,0.272727273,0.221590909
2022_05,Plant_15,-0.077669903,0.0804,0.018,0,0.317,0.546,0.7646,0.0483,3.81,0.0186,0.016393443,0.153005464,0.202185792,0.174863388,0.234972678,0.218579235
2022_06,Plant_15,-0.12037037,0.0955,0.006,0,0.311,0.552,0.7695,0.0417,4.27,0.0128,0.016393443,0.153005464,0.202185792,0.169398907,0.229508197,0.229508197
2022_07,Plant_15,-0.093457944,0.109,0.012,0,0.321,0.538,0.7443,0.0408,3.62,0.011,0.038043478,0.14673913,0.195652174,0.168478261,0.233695652,0.217391304
2022_08,Plant_15,-0.098130841,0.0917,0.018,0.333,0.315,0.539,0.7979,0.0433,3.2,0.0152,0.02247191,0.134831461,0.207865169,0.174157303,0.235955056,0.224719101
2022_09,Plant_15,-0.045,0.1002,0.006,0,0.32,0.53,0.8004,0.053,2.83,0.0284,0.016574586,0.121546961,0.220994475,0.182320442,0.237569061,0.220994475
2022_10,Plant_15,-0.050251256,0.107,0.012,0.5,0.302,0.536,0.8085,0.0418,2.57,0.0105,0.016759777,0.122905028,0.212290503,0.184357542,0.240223464,0.223463687
2022_11,Plant_15,-0.035175879,0.1192,0.006,0,0.284,0.528,0.8661,0.0445,2.35,0.0072,0.017045455,0.113636364,0.215909091,0.198863636,0.232954545,0.221590909
2022_12,Plant_15,-0.045226131,0.135,0.012,0,0.294,0.537,0.7388,0.0538,2.15,0.0135,0.016949153,0.118644068,0.209039548,0.203389831,0.231638418,0.220338983
2023_01,Plant_15,-0.027561102,0.1041,0,0,0.295,0.519,0.788,0.0448,0,0.0071,0.016393443,0.120218579,0.202185792,0.224043716,0.224043716,0.213114754
2023_02,Plant_15,-0.022360894,0.1089,0.017,0.333,0.281,0.524,0.754,0.0585,0,0.0187,0.016216216,0.113513514,0.205405405,0.221621622,0.221621622,0.221621622
2023_03,Plant_15,-0.017160686,0.0949,0.017,0,0.289,0.508,0.8,0.0718,0,0.0229,0.016042781,0.117647059,0.197860963,0.235294118,0.22459893,0.20855615
2022_01,Plant_16,-0.058823529,0.089,0.005,0,0.266,0.433,0.7574,0.0706,0,0.0199,0.019704433,0.113300493,0.256157635,0.197044335,0.330049261,0.083743842
2022_02,Plant_16,-0.054298643,0.065,0.005,1,0.262,0.436,0.7518,0.0766,0,0.0281,0.004950495,0.128712871,0.252475248,0.193069307,0.336633663,0.084158416
2022_03,Plant_16,-0.067873303,0.072,0.02,0,0.264,0.423,0.78742046,0.076288884,0,0.029240061,0,0.129353234,0.263681592,0.199004975,0.328358209,0.07960199
2022_04,Plant_16,-0.085972851,0.07,0.035,0.143,0.274,0.416,0.790093691,0.062733045,2.83,0.015347963,0,0.14213198,0.263959391,0.197969543,0.314720812,0.081218274
2022_05,Plant_16,-0.063348416,0.07,0.01,0,0.277,0.406,0.7987,0.0582,2.19,0.012,0.004950495,0.153465347,0.242574257,0.207920792,0.316831683,0.074257426
2022_06,Plant_16,-0.076923077,0.074,0.025,0.2,0.27,0.398,0.6912,0.1019,1.82,0.046,0.005102041,0.137755102,0.244897959,0.198979592,0.341836735,0.071428571
2022_07,Plant_16,-0.085972851,0.096,0.026,0.4,0.26,0.403,0.6943,0.0787,3.87,0.0268,0.005102041,0.142857143,0.239795918,0.198979592,0.341836735,0.071428571
2022_08,Plant_16,-0.045248869,0.066,0,0,0.28,0.391,0.7417,0.0659,3.44,0.0222,0,0.15942029,0.241545894,0.198067633,0.333333333,0.06763285
2022_09,Plant_16,-0.067873303,0.089,0.015,0.667,0.259,0.398,0.7981,0.0827,3.22,0.0416,0,0.154228856,0.23880597,0.199004975,0.338308458,0.069651741
2022_10,Plant_16,-0.022624434,0.055,0.01,1,0.298,0.381,0.6793,0.0955,2.7,0.0476,0,0.158139535,0.246511628,0.190697674,0.334883721,0.069767442
2022_11,Plant_16,0,0.053,0.028,0.333,0.321,0.367,0.7119,0.1,2.49,0.0498,0,0.162895928,0.235294118,0.194570136,0.343891403,0.063348416
2022_12,Plant_16,-0.009049774,0.042,0.009,0,0.304,0.373,0.705,0.0773,2.28,0.0336,0,0.156682028,0.235023041,0.198156682,0.34562212,0.064516129
2023_01,Plant_16,-0.026315789,0.0386,0.009,0,0.309,0.364,0.766,0.0639,5.07,0.0133,0,0.163636364,0.231818182,0.195454545,0.345454545,0.063636364
2023_02,Plant_16,-0.030567686,0.0357,0.005,1,0.286,0.364,0.7604,0.0549,2.7,0.0084,0,0.159090909,0.236363636,0.190909091,0.359090909,0.054545455
2023_03,Plant_16,-0.030434783,0.0422,0.009,0.5,0.284,0.365,0.764,0.0636,3.57,0.0147,0,0.162162162,0.225225225,0.198198198,0.346846847,0.067567568
